molecule_name	company_name	indication	rationale	indication_type	therapy_area	trial_title	trial_id	phase	source_url	data_source	Ep	Et	moa	association_score	ot_disease_id	ot_disease_name	ot_targets_resolved
Tirzepatide	Eli Lilly	Cardiovascular Disease	Cardiovascular disease is listed as a weight-related comorbid condition for which Zepbound is approved for chronic weight management. Phase 3 trials have shown promising results for heart failure with preserved ejection fraction.	Secondary	Cardiovascular	A Study of Tirzepatide (LY3298176) in Participants With Type 2 Diabetes (T2D) and Atherosclerotic Cardiovascular Disease (ASCVD) (SURPASS-CVOT)	NCT04595292 (SURPASS-CVOT)	3	https://clinicaltrials.gov/study/NCT04595292	Clinical Trials	5	5	Gastric Inhibitory Polypeptide Receptor Agonist; Glucagon Like Peptide 1 Receptor Agonist	0.3791	MONDO_0004995	cardiovascular disorder	Gastric Inhibitory Polypeptide Receptor Agonist→GIPR; Glucagon Like Peptide 1 Receptor Agonist→GLP1R
Tirzepatide	Eli Lilly	Hypertension	Hypertension is listed as a weight-related comorbid condition for which Zepbound is approved for chronic weight management. Mounjaro improved blood pressure levels, and studies have shown improvements in blood pressure.	Secondary	Cardiovascular	A Study of Tirzepatide in Participants With Obesity or Overweight With Weight-Related Comorbidities (SURMOUNT-4)	NCT04660643 (SURMOUNT-4)	3	https://clinicaltrials.gov/study/NCT04660643	Clinical Trials	5	5	Gastric Inhibitory Polypeptide Receptor Agonist; Glucagon Like Peptide 1 Receptor Agonist	0.4832	HP_0000822	Hypertension	Gastric Inhibitory Polypeptide Receptor Agonist→GIPR; Glucagon Like Peptide 1 Receptor Agonist→GLP1R
Tirzepatide	Eli Lilly	Dyslipidemia	Dyslipidemia is listed as a weight-related comorbid condition for which Zepbound is approved for chronic weight management. Mounjaro improved the amount of fat in the blood, and studies have shown improvements in lipid profiles.	Secondary	Metabolic	A Study of Tirzepatide in Participants With Obesity or Overweight With Weight-Related Comorbidities (SURMOUNT-4)	NCT04660643 (SURMOUNT-4)	3	https://clinicaltrials.gov/study/NCT04660643	Clinical Trials	5	5	Gastric Inhibitory Polypeptide Receptor Agonist; Glucagon Like Peptide 1 Receptor Agonist	0.4693	MONDO_0021187	hyperlipidemia	Gastric Inhibitory Polypeptide Receptor Agonist→GIPR; Glucagon Like Peptide 1 Receptor Agonist→GLP1R
Tirzepatide	Eli Lilly	NAFLD	Research suggests benefits in reducing liver fat content in patients with non-alcoholic fatty liver disease (NAFLD)/MASH. A Phase 2 trial (SYNERGY-NASH) showed promising results for MASH resolution.	Secondary	Hepatology	A Study of Tirzepatide in Participants With Obesity or Overweight With Weight-Related Comorbidities (SURMOUNT-4)	NCT04660643 (SURMOUNT-4)	3	https://clinicaltrials.gov/study/NCT04660643	Clinical Trials	5	5	Gastric Inhibitory Polypeptide Receptor Agonist; Glucagon Like Peptide 1 Receptor Agonist	0.5345	MONDO_0013209	metabolic dysfunction-associated steatotic liver disease	Gastric Inhibitory Polypeptide Receptor Agonist→GIPR; Glucagon Like Peptide 1 Receptor Agonist→GLP1R
Tirzepatide	Eli Lilly	Hypertension	Hypertension is listed as a weight-related comorbid condition for which Zepbound is approved for chronic weight management. Mounjaro improved blood pressure levels, and studies have shown improvements in blood pressure.	Secondary	Cardiovascular	A Study of Tirzepatide in Participants With Obesity or Overweight With Weight-Related Comorbidities (SURMOUNT-4)	NCT04660643 (SURMOUNT-4)	3	https://clinicaltrials.gov/study/NCT04660643	Clinical Trials	5	5	Gastric Inhibitory Polypeptide Receptor Agonist; Glucagon Like Peptide 1 Receptor Agonist	0.4832	HP_0000822	Hypertension	Gastric Inhibitory Polypeptide Receptor Agonist→GIPR; Glucagon Like Peptide 1 Receptor Agonist→GLP1R
Tirzepatide	Eli Lilly	Dyslipidemia	Dyslipidemia is listed as a weight-related comorbid condition for which Zepbound is approved for chronic weight management. Mounjaro improved the amount of fat in the blood, and studies have shown improvements in lipid profiles.	Secondary	Metabolic	A Study of Tirzepatide in Participants With Obesity or Overweight With Weight-Related Comorbidities (SURMOUNT-4)	NCT04660643 (SURMOUNT-4)	3	https://clinicaltrials.gov/study/NCT04660643	Clinical Trials	5	5	Gastric Inhibitory Polypeptide Receptor Agonist; Glucagon Like Peptide 1 Receptor Agonist	0.4693	MONDO_0021187	hyperlipidemia	Gastric Inhibitory Polypeptide Receptor Agonist→GIPR; Glucagon Like Peptide 1 Receptor Agonist→GLP1R
Tirzepatide	Eli Lilly	NAFLD	Research suggests benefits in reducing liver fat content in patients with non-alcoholic fatty liver disease (NAFLD)/MASH. A Phase 2 trial (SYNERGY-NASH) showed promising results for MASH resolution.	Secondary	Hepatology	A Study of Tirzepatide in Participants With Obesity or Overweight With Weight-Related Comorbidities (SURMOUNT-4)	NCT04660643 (SURMOUNT-4)	3	https://clinicaltrials.gov/study/NCT04660643	Clinical Trials	5	5	Gastric Inhibitory Polypeptide Receptor Agonist; Glucagon Like Peptide 1 Receptor Agonist	0.5345	MONDO_0013209	metabolic dysfunction-associated steatotic liver disease	Gastric Inhibitory Polypeptide Receptor Agonist→GIPR; Glucagon Like Peptide 1 Receptor Agonist→GLP1R
Tirzepatide	Eli Lilly	CV Risk Reduction	Tirzepatide is being studied to lower the risk of serious cardiovascular events, and studies have shown improvements in cardiovascular risk factors including blood pressure, lipid profiles, and markers of inflammation. Phase 3 trials have shown promising results for heart failure with preserved ejection fraction.	Secondary	Cardiovascular	A Phase 3b Study of Tirzepatide (STRAND)	N/A (STRAND)	3b		Clinical Trials	5	5	Gastric Inhibitory Polypeptide Receptor Agonist; Glucagon Like Peptide 1 Receptor Agonist	0.3791	MONDO_0004995	cardiovascular disorder	Gastric Inhibitory Polypeptide Receptor Agonist→GIPR; Glucagon Like Peptide 1 Receptor Agonist→GLP1R
Tirzepatide	Eli Lilly and Company	Cardiovascular Disease	Cardiovascular disease is listed as a weight-related comorbid condition for which Zepbound is approved for chronic weight management. Phase 3 trials have shown promising results for heart failure with preserved ejection fraction.	Secondary	Cardiovascular	A Study of Tirzepatide in Participants With Type 2 Diabetes and Chronic Kidney Disease (TREASURE-CKD China)	NCT06114173 (TREASURE-CKD China)	2	https://clinicaltrials.gov/study/NCT06114173	Clinical Trials	4	5	Gastric Inhibitory Polypeptide Receptor Agonist; Glucagon Like Peptide 1 Receptor Agonist	0.3791	MONDO_0004995	cardiovascular disorder	Gastric Inhibitory Polypeptide Receptor Agonist→GIPR; Glucagon Like Peptide 1 Receptor Agonist→GLP1R
Tirzepatide	Eli Lilly and Company (Pharma)	Cardiovascular Disease	Cardiovascular disease is listed as a weight-related comorbid condition for which Zepbound is approved for chronic weight management. Phase 3 trials have shown promising results for heart failure with preserved ejection fraction.	Secondary	Cardiovascular	A Study of Tirzepatide (LY3298176) on Major Cardiovascular Events in Participants With Type 2 Diabetes and Atherosclerotic Cardiovascular Disease (SURPASS-CVOT)	NCT04262973 (SURPASS-CVOT)	3	https://clinicaltrials.gov/study/NCT04262973	Clinical Trials	5	5	Gastric Inhibitory Polypeptide Receptor Agonist; Glucagon Like Peptide 1 Receptor Agonist	0.3791	MONDO_0004995	cardiovascular disorder	Gastric Inhibitory Polypeptide Receptor Agonist→GIPR; Glucagon Like Peptide 1 Receptor Agonist→GLP1R
Tirzepatide	Eli Lilly	Cardiovascular Disease	Cardiovascular disease is listed as a weight-related comorbid condition for which Zepbound is approved for chronic weight management. Phase 3 trials have shown promising results for heart failure with preserved ejection fraction.	Secondary	Cardiovascular	A Study of Tirzepatide (LY3298176) in Participants With Type 2 Diabetes and Atherosclerotic Cardiovascular Disease (SURPASS-CVOT)	NCT04255433 (SURPASS-CVOT)	3	https://clinicaltrials.gov/study/NCT04255433	Clinical Trials	5	5	Gastric Inhibitory Polypeptide Receptor Agonist; Glucagon Like Peptide 1 Receptor Agonist	0.3791	MONDO_0004995	cardiovascular disorder	Gastric Inhibitory Polypeptide Receptor Agonist→GIPR; Glucagon Like Peptide 1 Receptor Agonist→GLP1R
Tirzepatide	Eli Lilly and Company	Cardiovascular Disease	Cardiovascular disease is listed as a weight-related comorbid condition for which Zepbound is approved for chronic weight management. Phase 3 trials have shown promising results for heart failure with preserved ejection fraction.	Secondary	Cardiovascular	A Study of Tirzepatide (LY3298176) in Participants With Type 2 Diabetes and Atherosclerotic Cardiovascular Disease (SURPASS-CVOT)	NCT04255433 (SURPASS-CVOT)	3	https://clinicaltrials.gov/study/NCT04255433	Clinical Trials	5	5	Gastric Inhibitory Polypeptide Receptor Agonist; Glucagon Like Peptide 1 Receptor Agonist	0.3791	MONDO_0004995	cardiovascular disorder	Gastric Inhibitory Polypeptide Receptor Agonist→GIPR; Glucagon Like Peptide 1 Receptor Agonist→GLP1R
Tirzepatide	Eli Lilly	Cardiovascular Disease	Cardiovascular disease is listed as a weight-related comorbid condition for which Zepbound is approved for chronic weight management. Phase 3 trials have shown promising results for heart failure with preserved ejection fraction.	Secondary	Cardiovascular	A Study of Tirzepatide (LY3298176) in Participants With Type 2 Diabetes and Atherosclerotic Cardiovascular Disease (SURPASS-CVOT)	NCT04255433 (SURPASS-CVOT)	3	https://clinicaltrials.gov/study/NCT04255433	Clinical Trials	5	5	Gastric Inhibitory Polypeptide Receptor Agonist; Glucagon Like Peptide 1 Receptor Agonist	0.3791	MONDO_0004995	cardiovascular disorder	Gastric Inhibitory Polypeptide Receptor Agonist→GIPR; Glucagon Like Peptide 1 Receptor Agonist→GLP1R
Tirzepatide	Eli Lilly and Company	Dyslipidemia	Dyslipidemia is listed as a weight-related comorbid condition for which Zepbound is approved for chronic weight management. Mounjaro improved the amount of fat in the blood, and studies have shown improvements in lipid profiles.	Secondary	Metabolic	A Study of LY3298176 in Participants With Type 2 Diabetes Mellitus	NCT02759107 (LY3298176-P2)	2	https://clinicaltrials.gov/study/NCT02759107	Clinical Trials	4	5	Gastric Inhibitory Polypeptide Receptor Agonist; Glucagon Like Peptide 1 Receptor Agonist	0.4693	MONDO_0021187	hyperlipidemia	Gastric Inhibitory Polypeptide Receptor Agonist→GIPR; Glucagon Like Peptide 1 Receptor Agonist→GLP1R
Tirzepatide	Eli Lilly and Company	Hypertension	Hypertension is listed as a weight-related comorbid condition for which Zepbound is approved for chronic weight management. Mounjaro improved blood pressure levels, and studies have shown improvements in blood pressure.	Secondary	Cardiovascular	A Study of LY3298176 in Participants With Type 2 Diabetes Mellitus	NCT02759107 (LY3298176-P2)	2	https://clinicaltrials.gov/study/NCT02759107	Clinical Trials	4	5	Gastric Inhibitory Polypeptide Receptor Agonist; Glucagon Like Peptide 1 Receptor Agonist	0.4832	HP_0000822	Hypertension	Gastric Inhibitory Polypeptide Receptor Agonist→GIPR; Glucagon Like Peptide 1 Receptor Agonist→GLP1R
Tirzepatide	Eli Lilly (Pharma)	Dyslipidemia	Dyslipidemia is listed as a weight-related comorbid condition for which Zepbound is approved for chronic weight management. Mounjaro improved the amount of fat in the blood, and studies have shown improvements in lipid profiles.	Secondary	Metabolic	A Study of Tirzepatide (LY3298176) Versus Semaglutide Once Weekly in Participants With Type 2 Diabetes (SURPASS-2)	NCT03987919 (SURPASS-2)	3	https://clinicaltrials.gov/study/NCT03987919	Clinical Trials	5	5	Gastric Inhibitory Polypeptide Receptor Agonist; Glucagon Like Peptide 1 Receptor Agonist	0.4693	MONDO_0021187	hyperlipidemia	Gastric Inhibitory Polypeptide Receptor Agonist→GIPR; Glucagon Like Peptide 1 Receptor Agonist→GLP1R
Tirzepatide	Eli Lilly (Pharma)	Hypertension	Hypertension is listed as a weight-related comorbid condition for which Zepbound is approved for chronic weight management. Mounjaro improved blood pressure levels, and studies have shown improvements in blood pressure.	Secondary	Cardiovascular	A Study of Tirzepatide (LY3298176) Versus Semaglutide Once Weekly in Participants With Type 2 Diabetes (SURPASS-2)	NCT03987919 (SURPASS-2)	3	https://clinicaltrials.gov/study/NCT03987919	Clinical Trials	5	5	Gastric Inhibitory Polypeptide Receptor Agonist; Glucagon Like Peptide 1 Receptor Agonist	0.4832	HP_0000822	Hypertension	Gastric Inhibitory Polypeptide Receptor Agonist→GIPR; Glucagon Like Peptide 1 Receptor Agonist→GLP1R
Tirzepatide	Eli Lilly (Pharma)	NAFLD	Research suggests benefits in reducing liver fat content in patients with non-alcoholic fatty liver disease (NAFLD)/MASH. A Phase 2 trial (SYNERGY-NASH) showed promising results for MASH resolution.	Secondary	Hepatology	A Study of Tirzepatide (LY3298176) Versus Semaglutide Once Weekly in Participants With Type 2 Diabetes (SURPASS-2)	NCT03987919 (SURPASS-2)	3	https://clinicaltrials.gov/study/NCT03987919	Clinical Trials	5	5	Gastric Inhibitory Polypeptide Receptor Agonist; Glucagon Like Peptide 1 Receptor Agonist	0.5345	MONDO_0013209	metabolic dysfunction-associated steatotic liver disease	Gastric Inhibitory Polypeptide Receptor Agonist→GIPR; Glucagon Like Peptide 1 Receptor Agonist→GLP1R
Tirzepatide	Eli Lilly (Pharma)	Dyslipidemia	Dyslipidemia is listed as a weight-related comorbid condition for which Zepbound is approved for chronic weight management. Mounjaro improved the amount of fat in the blood, and studies have shown improvements in lipid profiles.	Secondary	Metabolic	A Study of Tirzepatide (LY3298176) Versus Semaglutide Once Weekly in Participants With Type 2 Diabetes (SURPASS-2)	NCT03987919 (SURPASS-2)	3	https://clinicaltrials.gov/study/NCT03987919	Clinical Trials	5	5	Gastric Inhibitory Polypeptide Receptor Agonist; Glucagon Like Peptide 1 Receptor Agonist	0.4693	MONDO_0021187	hyperlipidemia	Gastric Inhibitory Polypeptide Receptor Agonist→GIPR; Glucagon Like Peptide 1 Receptor Agonist→GLP1R
Tirzepatide	Eli Lilly (Pharma)	Hypertension	Hypertension is listed as a weight-related comorbid condition for which Zepbound is approved for chronic weight management. Mounjaro improved blood pressure levels, and studies have shown improvements in blood pressure.	Secondary	Cardiovascular	A Study of Tirzepatide (LY3298176) Versus Semaglutide Once Weekly in Participants With Type 2 Diabetes (SURPASS-2)	NCT03987919 (SURPASS-2)	3	https://clinicaltrials.gov/study/NCT03987919	Clinical Trials	5	5	Gastric Inhibitory Polypeptide Receptor Agonist; Glucagon Like Peptide 1 Receptor Agonist	0.4832	HP_0000822	Hypertension	Gastric Inhibitory Polypeptide Receptor Agonist→GIPR; Glucagon Like Peptide 1 Receptor Agonist→GLP1R
Tirzepatide	Eli Lilly (Pharma)	NAFLD	Research suggests benefits in reducing liver fat content in patients with non-alcoholic fatty liver disease (NAFLD)/MASH. A Phase 2 trial (SYNERGY-NASH) showed promising results for MASH resolution.	Secondary	Hepatology	A Study of Tirzepatide (LY3298176) Versus Semaglutide Once Weekly in Participants With Type 2 Diabetes (SURPASS-2)	NCT03987919 (SURPASS-2)	3	https://clinicaltrials.gov/study/NCT03987919	Clinical Trials	5	5	Gastric Inhibitory Polypeptide Receptor Agonist; Glucagon Like Peptide 1 Receptor Agonist	0.5345	MONDO_0013209	metabolic dysfunction-associated steatotic liver disease	Gastric Inhibitory Polypeptide Receptor Agonist→GIPR; Glucagon Like Peptide 1 Receptor Agonist→GLP1R
Tirzepatide	Eli Lilly and Company (Pharma)	Dyslipidemia	Dyslipidemia is listed as a weight-related comorbid condition for which Zepbound is approved for chronic weight management. Mounjaro improved the amount of fat in the blood, and studies have shown improvements in lipid profiles.	Secondary	Metabolic	A Study of Tirzepatide (LY3298176) Versus Semaglutide Once Weekly in Participants With Type 2 Diabetes (SURPASS-2)	NCT03987919 (SURPASS-2)	3	https://clinicaltrials.gov/study/NCT03987919	Clinical Trials	5	5	Gastric Inhibitory Polypeptide Receptor Agonist; Glucagon Like Peptide 1 Receptor Agonist	0.4693	MONDO_0021187	hyperlipidemia	Gastric Inhibitory Polypeptide Receptor Agonist→GIPR; Glucagon Like Peptide 1 Receptor Agonist→GLP1R
Tirzepatide	Eli Lilly and Company (Pharma)	Hypertension	Hypertension is listed as a weight-related comorbid condition for which Zepbound is approved for chronic weight management. Mounjaro improved blood pressure levels, and studies have shown improvements in blood pressure.	Secondary	Cardiovascular	A Study of Tirzepatide (LY3298176) Versus Semaglutide Once Weekly in Participants With Type 2 Diabetes (SURPASS-2)	NCT03987919 (SURPASS-2)	3	https://clinicaltrials.gov/study/NCT03987919	Clinical Trials	5	5	Gastric Inhibitory Polypeptide Receptor Agonist; Glucagon Like Peptide 1 Receptor Agonist	0.4832	HP_0000822	Hypertension	Gastric Inhibitory Polypeptide Receptor Agonist→GIPR; Glucagon Like Peptide 1 Receptor Agonist→GLP1R
Tirzepatide	Eli Lilly and Company (Pharma)	NAFLD	Research suggests benefits in reducing liver fat content in patients with non-alcoholic fatty liver disease (NAFLD)/MASH. A Phase 2 trial (SYNERGY-NASH) showed promising results for MASH resolution.	Secondary	Hepatology	A Study of Tirzepatide (LY3298176) Versus Semaglutide Once Weekly in Participants With Type 2 Diabetes (SURPASS-2)	NCT03987919 (SURPASS-2)	3	https://clinicaltrials.gov/study/NCT03987919	Clinical Trials	5	5	Gastric Inhibitory Polypeptide Receptor Agonist; Glucagon Like Peptide 1 Receptor Agonist	0.5345	MONDO_0013209	metabolic dysfunction-associated steatotic liver disease	Gastric Inhibitory Polypeptide Receptor Agonist→GIPR; Glucagon Like Peptide 1 Receptor Agonist→GLP1R
Tirzepatide	Eli Lilly and Company	Dyslipidemia	Dyslipidemia is listed as a weight-related comorbid condition for which Zepbound is approved for chronic weight management. Mounjaro improved the amount of fat in the blood, and studies have shown improvements in lipid profiles.	Secondary	Metabolic	A Study of Tirzepatide (LY3298176) Versus Semaglutide Once Weekly in Participants With Type 2 Diabetes (SURPASS-2)	NCT03987919 (SURPASS-2)	3	https://clinicaltrials.gov/study/NCT03987919	Clinical Trials	5	5	Gastric Inhibitory Polypeptide Receptor Agonist; Glucagon Like Peptide 1 Receptor Agonist	0.4693	MONDO_0021187	hyperlipidemia	Gastric Inhibitory Polypeptide Receptor Agonist→GIPR; Glucagon Like Peptide 1 Receptor Agonist→GLP1R
Tirzepatide	Eli Lilly and Company	Hypertension	Hypertension is listed as a weight-related comorbid condition for which Zepbound is approved for chronic weight management. Mounjaro improved blood pressure levels, and studies have shown improvements in blood pressure.	Secondary	Cardiovascular	A Study of Tirzepatide (LY3298176) Versus Semaglutide Once Weekly in Participants With Type 2 Diabetes (SURPASS-2)	NCT03987919 (SURPASS-2)	3	https://clinicaltrials.gov/study/NCT03987919	Clinical Trials	5	5	Gastric Inhibitory Polypeptide Receptor Agonist; Glucagon Like Peptide 1 Receptor Agonist	0.4832	HP_0000822	Hypertension	Gastric Inhibitory Polypeptide Receptor Agonist→GIPR; Glucagon Like Peptide 1 Receptor Agonist→GLP1R
Tirzepatide	Eli Lilly and Company	NAFLD	Research suggests benefits in reducing liver fat content in patients with non-alcoholic fatty liver disease (NAFLD)/MASH. A Phase 2 trial (SYNERGY-NASH) showed promising results for MASH resolution.	Secondary	Hepatology	A Study of Tirzepatide (LY3298176) Versus Semaglutide Once Weekly in Participants With Type 2 Diabetes (SURPASS-2)	NCT03987919 (SURPASS-2)	3	https://clinicaltrials.gov/study/NCT03987919	Clinical Trials	5	5	Gastric Inhibitory Polypeptide Receptor Agonist; Glucagon Like Peptide 1 Receptor Agonist	0.5345	MONDO_0013209	metabolic dysfunction-associated steatotic liver disease	Gastric Inhibitory Polypeptide Receptor Agonist→GIPR; Glucagon Like Peptide 1 Receptor Agonist→GLP1R
Tirzepatide	Eli Lilly	Hypertension	Hypertension is listed as a weight-related comorbid condition for which Zepbound is approved for chronic weight management. Mounjaro improved blood pressure levels, and studies have shown improvements in blood pressure.	Secondary	Cardiovascular	A Study of Tirzepatide in Participants With Obesity or Overweight With Weight-Related Comorbidities (SURMOUNT-6)	NCT05531656 (SURMOUNT-6)	3	https://clinicaltrials.gov/study/NCT05531656	Clinical Trials	5	5	Gastric Inhibitory Polypeptide Receptor Agonist; Glucagon Like Peptide 1 Receptor Agonist	0.4832	HP_0000822	Hypertension	Gastric Inhibitory Polypeptide Receptor Agonist→GIPR; Glucagon Like Peptide 1 Receptor Agonist→GLP1R
Tirzepatide	Eli Lilly	Dyslipidemia	Dyslipidemia is listed as a weight-related comorbid condition for which Zepbound is approved for chronic weight management. Mounjaro improved the amount of fat in the blood, and studies have shown improvements in lipid profiles.	Secondary	Metabolic	A Study of Tirzepatide in Participants With Obesity or Overweight With Weight-Related Comorbidities (SURMOUNT-6)	NCT05531656 (SURMOUNT-6)	3	https://clinicaltrials.gov/study/NCT05531656	Clinical Trials	5	5	Gastric Inhibitory Polypeptide Receptor Agonist; Glucagon Like Peptide 1 Receptor Agonist	0.4693	MONDO_0021187	hyperlipidemia	Gastric Inhibitory Polypeptide Receptor Agonist→GIPR; Glucagon Like Peptide 1 Receptor Agonist→GLP1R
Tirzepatide	Eli Lilly and Company (Pharma)	Cardiovascular Disease	Cardiovascular disease is listed as a weight-related comorbid condition for which Zepbound is approved for chronic weight management. Phase 3 trials have shown promising results for heart failure with preserved ejection fraction.	Secondary	Cardiovascular	A Study of Tirzepatide in Participants With Type 2 Diabetes and Chronic Kidney Disease (SURPASS-6)	NCT04537923 (SURPASS-6)	3	https://clinicaltrials.gov/study/NCT04537923	Clinical Trials	5	5	Gastric Inhibitory Polypeptide Receptor Agonist; Glucagon Like Peptide 1 Receptor Agonist	0.3791	MONDO_0004995	cardiovascular disorder	Gastric Inhibitory Polypeptide Receptor Agonist→GIPR; Glucagon Like Peptide 1 Receptor Agonist→GLP1R
Tirzepatide	Eli Lilly (Pharma)	Cardiovascular Disease	Cardiovascular disease is listed as a weight-related comorbid condition for which Zepbound is approved for chronic weight management. Phase 3 trials have shown promising results for heart failure with preserved ejection fraction.	Secondary	Cardiovascular	A Study of Tirzepatide in Participants With Type 2 Diabetes and Chronic Kidney Disease (SURPASS-6)	NCT04537923 (SURPASS-6)	3	https://clinicaltrials.gov/study/NCT04537923	Clinical Trials	5	5	Gastric Inhibitory Polypeptide Receptor Agonist; Glucagon Like Peptide 1 Receptor Agonist	0.3791	MONDO_0004995	cardiovascular disorder	Gastric Inhibitory Polypeptide Receptor Agonist→GIPR; Glucagon Like Peptide 1 Receptor Agonist→GLP1R
Tirzepatide	Eli Lilly (Pharma)	Cardiovascular Disease	Cardiovascular disease is listed as a weight-related comorbid condition for which Zepbound is approved for chronic weight management. Phase 3 trials have shown promising results for heart failure with preserved ejection fraction.	Secondary	Cardiovascular	A Study of Tirzepatide in Participants With Obesity or Overweight and Obstructive Sleep Apnea (SURMOUNT-OSA)	NCT05412862 (SURMOUNT-OSA)	3	https://clinicaltrials.gov/study/NCT05412862	Clinical Trials	5	5	Gastric Inhibitory Polypeptide Receptor Agonist; Glucagon Like Peptide 1 Receptor Agonist	0.3791	MONDO_0004995	cardiovascular disorder	Gastric Inhibitory Polypeptide Receptor Agonist→GIPR; Glucagon Like Peptide 1 Receptor Agonist→GLP1R
Tirzepatide	Eli Lilly (Pharma)	Hypertension	Hypertension is listed as a weight-related comorbid condition for which Zepbound is approved for chronic weight management. Mounjaro improved blood pressure levels, and studies have shown improvements in blood pressure.	Secondary	Cardiovascular	A Study of Tirzepatide in Participants With Obesity or Overweight and Obstructive Sleep Apnea (SURMOUNT-OSA)	NCT05412862 (SURMOUNT-OSA)	3	https://clinicaltrials.gov/study/NCT05412862	Clinical Trials	5	5	Gastric Inhibitory Polypeptide Receptor Agonist; Glucagon Like Peptide 1 Receptor Agonist	0.4832	HP_0000822	Hypertension	Gastric Inhibitory Polypeptide Receptor Agonist→GIPR; Glucagon Like Peptide 1 Receptor Agonist→GLP1R
Tirzepatide	Eli Lilly (Pharma)	Dyslipidemia	Dyslipidemia is listed as a weight-related comorbid condition for which Zepbound is approved for chronic weight management. Mounjaro improved the amount of fat in the blood, and studies have shown improvements in lipid profiles.	Secondary	Metabolic	A Study of Tirzepatide in Participants With Obesity or Overweight and Obstructive Sleep Apnea (SURMOUNT-OSA)	NCT05412862 (SURMOUNT-OSA)	3	https://clinicaltrials.gov/study/NCT05412862	Clinical Trials	5	5	Gastric Inhibitory Polypeptide Receptor Agonist; Glucagon Like Peptide 1 Receptor Agonist	0.4693	MONDO_0021187	hyperlipidemia	Gastric Inhibitory Polypeptide Receptor Agonist→GIPR; Glucagon Like Peptide 1 Receptor Agonist→GLP1R
Tirzepatide	Eli Lilly (Pharma)	NAFLD	Research suggests benefits in reducing liver fat content in patients with non-alcoholic fatty liver disease (NAFLD)/MASH. A Phase 2 trial (SYNERGY-NASH) showed promising results for MASH resolution.	Secondary	Hepatology	A Study of Tirzepatide in Participants With Obesity or Overweight and Obstructive Sleep Apnea (SURMOUNT-OSA)	NCT05412862 (SURMOUNT-OSA)	3	https://clinicaltrials.gov/study/NCT05412862	Clinical Trials	5	5	Gastric Inhibitory Polypeptide Receptor Agonist; Glucagon Like Peptide 1 Receptor Agonist	0.5345	MONDO_0013209	metabolic dysfunction-associated steatotic liver disease	Gastric Inhibitory Polypeptide Receptor Agonist→GIPR; Glucagon Like Peptide 1 Receptor Agonist→GLP1R
Tirzepatide	Eli Lilly	NASH	A Phase 2 trial (SYNERGY-NASH) showed promising results for NASH (now MASH) resolution, with 44% to 62% of participants experiencing resolution. Research also suggests benefits in reducing liver fat content in patients with NASH.	Secondary	Hepatology	A Study of Tirzepatide in Participants With Nonalcoholic Steatohepatitis (NASH) and Stage F2 or F3 Fibrosis (SYNERGY-NASH)	NCT05510271 (SYNERGY-NASH)	2	https://clinicaltrials.gov/study/NCT05510271	Clinical Trials	4	5	Gastric Inhibitory Polypeptide Receptor Agonist; Glucagon Like Peptide 1 Receptor Agonist	0.4140	MONDO_0007027	metabolic dysfunction-associated steatohepatitis	Gastric Inhibitory Polypeptide Receptor Agonist→GIPR; Glucagon Like Peptide 1 Receptor Agonist→GLP1R
Tirzepatide	Eli Lilly (Pharma)	Prediabetes	The SURMOUNT-1 three-year study found that tirzepatide reduced the risk of developing type 2 diabetes by 94% in adults with pre-diabetes and obesity or overweight. Prediabetes is also mentioned as a weight-related comorbid condition in EMA weight management approval.	Secondary	Metabolic	A Study of Tirzepatide in Participants With Nonalcoholic Steatohepatitis (NASH) (SYNERGY-NASH)	NCT04166773 (SYNERGY-NASH)	2	https://clinicaltrials.gov/study/NCT04166773	Clinical Trials	4	5	Gastric Inhibitory Polypeptide Receptor Agonist; Glucagon Like Peptide 1 Receptor Agonist	0.3851	MONDO_0006920	prediabetes syndrome	Gastric Inhibitory Polypeptide Receptor Agonist→GIPR; Glucagon Like Peptide 1 Receptor Agonist→GLP1R
Tirzepatide	Eli Lilly (Pharma)	NASH	A Phase 2 trial (SYNERGY-NASH) showed promising results for NASH (now MASH) resolution, with 44% to 62% of participants experiencing resolution. Research also suggests benefits in reducing liver fat content in patients with NASH.	Secondary	Hepatology	A Study of Tirzepatide in Participants With Nonalcoholic Steatohepatitis (NASH) (SYNERGY-NASH)	NCT04166773 (SYNERGY-NASH)	2	https://clinicaltrials.gov/study/NCT04166773	Clinical Trials	4	5	Gastric Inhibitory Polypeptide Receptor Agonist; Glucagon Like Peptide 1 Receptor Agonist	0.4140	MONDO_0007027	metabolic dysfunction-associated steatohepatitis	Gastric Inhibitory Polypeptide Receptor Agonist→GIPR; Glucagon Like Peptide 1 Receptor Agonist→GLP1R
Tirzepatide	Eli Lilly	Prediabetes	The SURMOUNT-1 three-year study found that tirzepatide reduced the risk of developing type 2 diabetes by 94% in adults with pre-diabetes and obesity or overweight. Prediabetes is also mentioned as a weight-related comorbid condition in EMA weight management approval.	Secondary	Metabolic	A Study of Tirzepatide in Participants With Nonalcoholic Steatohepatitis (NASH) (SYNERGY-NASH)	NCT04166773 (SYNERGY-NASH)	2	https://clinicaltrials.gov/study/NCT04166773	Clinical Trials	4	5	Gastric Inhibitory Polypeptide Receptor Agonist; Glucagon Like Peptide 1 Receptor Agonist	0.3851	MONDO_0006920	prediabetes syndrome	Gastric Inhibitory Polypeptide Receptor Agonist→GIPR; Glucagon Like Peptide 1 Receptor Agonist→GLP1R
Tirzepatide	Eli Lilly	NASH	A Phase 2 trial (SYNERGY-NASH) showed promising results for NASH (now MASH) resolution, with 44% to 62% of participants experiencing resolution. Research also suggests benefits in reducing liver fat content in patients with NASH.	Secondary	Hepatology	A Study of Tirzepatide in Participants With Nonalcoholic Steatohepatitis (NASH) (SYNERGY-NASH)	NCT04166773 (SYNERGY-NASH)	2	https://clinicaltrials.gov/study/NCT04166773	Clinical Trials	4	5	Gastric Inhibitory Polypeptide Receptor Agonist; Glucagon Like Peptide 1 Receptor Agonist	0.4140	MONDO_0007027	metabolic dysfunction-associated steatohepatitis	Gastric Inhibitory Polypeptide Receptor Agonist→GIPR; Glucagon Like Peptide 1 Receptor Agonist→GLP1R
Tirzepatide	Eli Lilly and Company	Prediabetes	The SURMOUNT-1 three-year study found that tirzepatide reduced the risk of developing type 2 diabetes by 94% in adults with pre-diabetes and obesity or overweight. Prediabetes is also mentioned as a weight-related comorbid condition in EMA weight management approval.	Secondary	Metabolic	A Study of Tirzepatide in Participants With Nonalcoholic Steatohepatitis (NASH) (SYNERGY-NASH)	NCT04166773 (SYNERGY-NASH)	2	https://clinicaltrials.gov/study/NCT04166773	Clinical Trials	4	5	Gastric Inhibitory Polypeptide Receptor Agonist; Glucagon Like Peptide 1 Receptor Agonist	0.3851	MONDO_0006920	prediabetes syndrome	Gastric Inhibitory Polypeptide Receptor Agonist→GIPR; Glucagon Like Peptide 1 Receptor Agonist→GLP1R
Tirzepatide	Eli Lilly and Company	NASH	A Phase 2 trial (SYNERGY-NASH) showed promising results for NASH (now MASH) resolution, with 44% to 62% of participants experiencing resolution. Research also suggests benefits in reducing liver fat content in patients with NASH.	Secondary	Hepatology	A Study of Tirzepatide in Participants With Nonalcoholic Steatohepatitis (NASH) (SYNERGY-NASH)	NCT04166773 (SYNERGY-NASH)	2	https://clinicaltrials.gov/study/NCT04166773	Clinical Trials	4	5	Gastric Inhibitory Polypeptide Receptor Agonist; Glucagon Like Peptide 1 Receptor Agonist	0.4140	MONDO_0007027	metabolic dysfunction-associated steatohepatitis	Gastric Inhibitory Polypeptide Receptor Agonist→GIPR; Glucagon Like Peptide 1 Receptor Agonist→GLP1R
Tirzepatide	Eli Lilly and Company	Hypertension	Hypertension is listed as a weight-related comorbid condition for which Zepbound is approved for chronic weight management. Mounjaro improved blood pressure levels, and studies have shown improvements in blood pressure.	Secondary	Cardiovascular	A Study of Tirzepatide in Participants With Obesity or Overweight and Obstructive Sleep Apnea (SURMOUNT-OSA)	NCT05041088 (SURMOUNT-OSA)	3	https://clinicaltrials.gov/study/NCT05041088	Clinical Trials	5	5	Gastric Inhibitory Polypeptide Receptor Agonist; Glucagon Like Peptide 1 Receptor Agonist	0.4832	HP_0000822	Hypertension	Gastric Inhibitory Polypeptide Receptor Agonist→GIPR; Glucagon Like Peptide 1 Receptor Agonist→GLP1R
Tirzepatide	Eli Lilly and Company	Dyslipidemia	Dyslipidemia is listed as a weight-related comorbid condition for which Zepbound is approved for chronic weight management. Mounjaro improved the amount of fat in the blood, and studies have shown improvements in lipid profiles.	Secondary	Metabolic	A Study of Tirzepatide in Participants With Obesity or Overweight and Obstructive Sleep Apnea (SURMOUNT-OSA)	NCT05041088 (SURMOUNT-OSA)	3	https://clinicaltrials.gov/study/NCT05041088	Clinical Trials	5	5	Gastric Inhibitory Polypeptide Receptor Agonist; Glucagon Like Peptide 1 Receptor Agonist	0.4693	MONDO_0021187	hyperlipidemia	Gastric Inhibitory Polypeptide Receptor Agonist→GIPR; Glucagon Like Peptide 1 Receptor Agonist→GLP1R
Tirzepatide	Eli Lilly and Company	Cardiovascular Disease	Cardiovascular disease is listed as a weight-related comorbid condition for which Zepbound is approved for chronic weight management. Phase 3 trials have shown promising results for heart failure with preserved ejection fraction.	Secondary	Cardiovascular	A Study of Tirzepatide (LY3298176) in Participants With Type 2 Diabetes Mellitus Who Have Increased Cardiovascular Risk (SURPASS-CVOT)	NCT04255433 (SURPASS-6)	3b	https://clinicaltrials.gov/study/NCT04255433	Clinical Trials	5	5	Gastric Inhibitory Polypeptide Receptor Agonist; Glucagon Like Peptide 1 Receptor Agonist	0.3791	MONDO_0004995	cardiovascular disorder	Gastric Inhibitory Polypeptide Receptor Agonist→GIPR; Glucagon Like Peptide 1 Receptor Agonist→GLP1R
Tirzepatide	Eli Lilly and Company	Increased Cardiovascular Risk	Increased Cardiovascular Risk is covered by the broader 'Cardiovascular Risk Reduction' and 'Cardiovascular Disease' indications. Tirzepatide is being studied to lower the risk of serious cardiovascular events, and studies have shown improvements in cardiovascular risk factors.	Secondary	Cardiovascular	A Study of Tirzepatide (LY3298176) in Participants With Type 2 Diabetes Mellitus and Increased Cardiovascular Risk (SURPASS-4)	NCT03415178 (SURPASS-4)	3	https://clinicaltrials.gov/study/NCT03415178	Clinical Trials	5	5	Gastric Inhibitory Polypeptide Receptor Agonist; Glucagon Like Peptide 1 Receptor Agonist	0.3791	MONDO_0004995	cardiovascular disorder	Gastric Inhibitory Polypeptide Receptor Agonist→GIPR; Glucagon Like Peptide 1 Receptor Agonist→GLP1R
Tirzepatide	Eli Lilly and Company	Cardiovascular Disease	Cardiovascular disease is listed as a weight-related comorbid condition for which Zepbound is approved for chronic weight management. Phase 3 trials have shown promising results for heart failure with preserved ejection fraction.	Secondary	Cardiovascular	A Study of Tirzepatide (LY3298176) Versus Insulin Glargine in Participants With Type 2 Diabetes Mellitus and Increased Cardiovascular Risk (SURPASS-4)	NCT03861039 (SURPASS-4)	3	https://clinicaltrials.gov/study/NCT03861039	Clinical Trials	5	5	Gastric Inhibitory Polypeptide Receptor Agonist; Glucagon Like Peptide 1 Receptor Agonist	0.3791	MONDO_0004995	cardiovascular disorder	Gastric Inhibitory Polypeptide Receptor Agonist→GIPR; Glucagon Like Peptide 1 Receptor Agonist→GLP1R
Tirzepatide	Eli Lilly	Cardiovascular Risk/Disease	Cardiovascular disease is listed as a weight-related comorbid condition for which Zepbound is approved for chronic weight management. Tirzepatide is being studied to lower the risk of serious cardiovascular events, and studies have shown improvements in cardiovascular risk factors including blood pressure, lipid profiles, and markers of inflammation. Phase 3 trials have shown promising results for heart failure with preserved ejection fraction.	Secondary	Cardiovascular	A Study of Tirzepatide (LY3298176) in Participants With Type 2 Diabetes Mellitus and Increased Cardiovascular (CV) Risk (SURPASS-4)	NCT03730662 (SURPASS-4)	3	https://clinicaltrials.gov/study/NCT03730662	Clinical Trials	5	5	Gastric Inhibitory Polypeptide Receptor Agonist; Glucagon Like Peptide 1 Receptor Agonist	0.3791	MONDO_0004995	cardiovascular disorder	Gastric Inhibitory Polypeptide Receptor Agonist→GIPR; Glucagon Like Peptide 1 Receptor Agonist→GLP1R
Tirzepatide	Eli Lilly and Company	Cardiovascular Risk/Disease	Cardiovascular disease is listed as a weight-related comorbid condition for which Zepbound is approved for chronic weight management. Tirzepatide is being studied to lower the risk of serious cardiovascular events, and studies have shown improvements in cardiovascular risk factors including blood pressure, lipid profiles, and markers of inflammation. Phase 3 trials have shown promising results for heart failure with preserved ejection fraction.	Secondary	Cardiovascular	A Study of Tirzepatide (LY3298176) in Participants With Type 2 Diabetes Mellitus and Increased Cardiovascular (CV) Risk (SURPASS-4)	NCT03730662 (SURPASS-4)	3	https://clinicaltrials.gov/study/NCT03730662	Clinical Trials	5	5	Gastric Inhibitory Polypeptide Receptor Agonist; Glucagon Like Peptide 1 Receptor Agonist	0.3791	MONDO_0004995	cardiovascular disorder	Gastric Inhibitory Polypeptide Receptor Agonist→GIPR; Glucagon Like Peptide 1 Receptor Agonist→GLP1R
Tirzepatide	Eli Lilly and Company (Pharma)	Cardiovascular Risk/Disease	Cardiovascular disease is listed as a weight-related comorbid condition for which Zepbound is approved for chronic weight management. Tirzepatide is being studied to lower the risk of serious cardiovascular events, and studies have shown improvements in cardiovascular risk factors including blood pressure, lipid profiles, and markers of inflammation. Phase 3 trials have shown promising results for heart failure with preserved ejection fraction.	Secondary	Cardiovascular	A Study of Tirzepatide (LY3298176) in Participants With Type 2 Diabetes Mellitus and Increased Cardiovascular (CV) Risk (SURPASS-4)	NCT03730662 (SURPASS-4)	3	https://clinicaltrials.gov/study/NCT03730662	Clinical Trials	5	5	Gastric Inhibitory Polypeptide Receptor Agonist; Glucagon Like Peptide 1 Receptor Agonist	0.3791	MONDO_0004995	cardiovascular disorder	Gastric Inhibitory Polypeptide Receptor Agonist→GIPR; Glucagon Like Peptide 1 Receptor Agonist→GLP1R
Tirzepatide	Eli Lilly	Hypertension	Hypertension is listed as a weight-related comorbid condition for which Zepbound is approved for chronic weight management. Mounjaro improved blood pressure levels, and studies have shown improvements in blood pressure.	Secondary	Cardiovascular	A Study of Tirzepatide in Participants With Overweight or Obesity From China (SURMOUNT-CN)	NCT06050187 (SURMOUNT-CN)	3	https://clinicaltrials.gov/study/NCT06050187	Clinical Trials	5	5	Gastric Inhibitory Polypeptide Receptor Agonist; Glucagon Like Peptide 1 Receptor Agonist	0.4832	HP_0000822	Hypertension	Gastric Inhibitory Polypeptide Receptor Agonist→GIPR; Glucagon Like Peptide 1 Receptor Agonist→GLP1R
Tirzepatide	Eli Lilly	Dyslipidemia	Dyslipidemia is listed as a weight-related comorbid condition for which Zepbound is approved for chronic weight management. Mounjaro improved the amount of fat in the blood, and studies have shown improvements in lipid profiles.	Secondary	Metabolic	A Study of Tirzepatide in Participants With Overweight or Obesity From China (SURMOUNT-CN)	NCT06050187 (SURMOUNT-CN)	3	https://clinicaltrials.gov/study/NCT06050187	Clinical Trials	5	5	Gastric Inhibitory Polypeptide Receptor Agonist; Glucagon Like Peptide 1 Receptor Agonist	0.4693	MONDO_0021187	hyperlipidemia	Gastric Inhibitory Polypeptide Receptor Agonist→GIPR; Glucagon Like Peptide 1 Receptor Agonist→GLP1R
Tirzepatide	Eli Lilly	NAFLD	Research suggests benefits in reducing liver fat content in patients with non-alcoholic fatty liver disease (NAFLD)/MASH. A Phase 2 trial (SYNERGY-NASH) showed promising results for MASH resolution.	Secondary	Hepatology	A Study of Tirzepatide in Participants With Overweight or Obesity From China (SURMOUNT-CN)	NCT06050187 (SURMOUNT-CN)	3	https://clinicaltrials.gov/study/NCT06050187	Clinical Trials	5	5	Gastric Inhibitory Polypeptide Receptor Agonist; Glucagon Like Peptide 1 Receptor Agonist	0.5345	MONDO_0013209	metabolic dysfunction-associated steatotic liver disease	Gastric Inhibitory Polypeptide Receptor Agonist→GIPR; Glucagon Like Peptide 1 Receptor Agonist→GLP1R
Tirzepatide	Eli Lilly and Company	Hypertension	Hypertension is listed as a weight-related comorbid condition for which Zepbound is approved for chronic weight management. Mounjaro improved blood pressure levels, and studies have shown improvements in blood pressure.	Secondary	Cardiovascular	A Study of Tirzepatide in Participants With Obesity or Overweight With Weight-Related Comorbidities (SURMOUNT-3)	NCT05353933 (SURMOUNT-3)	3	https://clinicaltrials.gov/study/NCT05353933	Clinical Trials	5	5	Gastric Inhibitory Polypeptide Receptor Agonist; Glucagon Like Peptide 1 Receptor Agonist	0.4832	HP_0000822	Hypertension	Gastric Inhibitory Polypeptide Receptor Agonist→GIPR; Glucagon Like Peptide 1 Receptor Agonist→GLP1R
Tirzepatide	Eli Lilly and Company	Dyslipidemia	Dyslipidemia is listed as a weight-related comorbid condition for which Zepbound is approved for chronic weight management. Mounjaro improved the amount of fat in the blood, and studies have shown improvements in lipid profiles.	Secondary	Metabolic	A Study of Tirzepatide in Participants With Obesity or Overweight With Weight-Related Comorbidities (SURMOUNT-3)	NCT05353933 (SURMOUNT-3)	3	https://clinicaltrials.gov/study/NCT05353933	Clinical Trials	5	5	Gastric Inhibitory Polypeptide Receptor Agonist; Glucagon Like Peptide 1 Receptor Agonist	0.4693	MONDO_0021187	hyperlipidemia	Gastric Inhibitory Polypeptide Receptor Agonist→GIPR; Glucagon Like Peptide 1 Receptor Agonist→GLP1R
Tirzepatide	Eli Lilly and Company	Cardiovascular Disease	Cardiovascular disease is listed as a weight-related comorbid condition for which Zepbound is approved for chronic weight management. Phase 3 trials have shown promising results for heart failure with preserved ejection fraction.	Secondary	Cardiovascular	A Study of Tirzepatide in Participants With Obesity or Overweight With Weight-Related Comorbidities (SURMOUNT-3)	NCT05353933 (SURMOUNT-3)	3	https://clinicaltrials.gov/study/NCT05353933	Clinical Trials	5	5	Gastric Inhibitory Polypeptide Receptor Agonist; Glucagon Like Peptide 1 Receptor Agonist	0.3791	MONDO_0004995	cardiovascular disorder	Gastric Inhibitory Polypeptide Receptor Agonist→GIPR; Glucagon Like Peptide 1 Receptor Agonist→GLP1R
Tirzepatide		Cardiovascular Disease	Cardiovascular disease is listed as a weight-related comorbid condition for which Zepbound is approved for chronic weight management. Phase 3 trials have shown promising results for heart failure with preserved ejection fraction.	Secondary	Cardiovascular	A Study of Tirzepatide in Participants With Type 2 Diabetes and Chronic Kidney Disease	NCT07218445		https://clinicaltrials.gov/study/NCT07218445	Clinical Trials		5	Gastric Inhibitory Polypeptide Receptor Agonist; Glucagon Like Peptide 1 Receptor Agonist	0.3791	MONDO_0004995	cardiovascular disorder	Gastric Inhibitory Polypeptide Receptor Agonist→GIPR; Glucagon Like Peptide 1 Receptor Agonist→GLP1R
Tirzepatide	Eli Lilly and Company	Cardiovascular Disease	Cardiovascular disease is listed as a weight-related comorbid condition for which Zepbound is approved for chronic weight management. Phase 3 trials have shown promising results for heart failure with preserved ejection fraction.	Secondary	Cardiovascular	A Study of Tirzepatide in Participants With Type 2 Diabetes and Chronic Kidney Disease	NCT06901245	3	https://clinicaltrials.gov/study/NCT06901245	Clinical Trials	5	5	Gastric Inhibitory Polypeptide Receptor Agonist; Glucagon Like Peptide 1 Receptor Agonist	0.3791	MONDO_0004995	cardiovascular disorder	Gastric Inhibitory Polypeptide Receptor Agonist→GIPR; Glucagon Like Peptide 1 Receptor Agonist→GLP1R
Tirzepatide	Eli Lilly and Company	Cardiovascular Disease	Cardiovascular disease is listed as a weight-related comorbid condition for which Zepbound is approved for chronic weight management. Phase 3 trials have shown promising results for heart failure with preserved ejection fraction.	Secondary	Cardiovascular	A Study of Tirzepatide (LY3298176) in Participants With Type 2 Diabetes Mellitus and Increased Cardiovascular Risk (SURPASS-4)	NCT03482024 (SURPASS-4)	3	https://clinicaltrials.gov/study/NCT03482024	Clinical Trials	5	5	Gastric Inhibitory Polypeptide Receptor Agonist; Glucagon Like Peptide 1 Receptor Agonist	0.3791	MONDO_0004995	cardiovascular disorder	Gastric Inhibitory Polypeptide Receptor Agonist→GIPR; Glucagon Like Peptide 1 Receptor Agonist→GLP1R
Tirzepatide	Eli Lilly and Company	Cardiovascular Disease	Cardiovascular disease is listed as a weight-related comorbid condition for which Zepbound is approved for chronic weight management. Phase 3 trials have shown promising results for heart failure with preserved ejection fraction.	Secondary	Cardiovascular	A Study of Tirzepatide (LY3298176) in Participants With Type 2 Diabetes (T2D) and Atherosclerotic Cardiovascular Disease (ASCVD) (SURPASS-CVOT)	NCT04172987 (SURPASS-CVOT)	3	https://clinicaltrials.gov/study/NCT04172987	Clinical Trials	5	5	Gastric Inhibitory Polypeptide Receptor Agonist; Glucagon Like Peptide 1 Receptor Agonist	0.3791	MONDO_0004995	cardiovascular disorder	Gastric Inhibitory Polypeptide Receptor Agonist→GIPR; Glucagon Like Peptide 1 Receptor Agonist→GLP1R
Tirzepatide	Eli Lilly and Company	NAFLD	Research suggests benefits in reducing liver fat content in patients with non-alcoholic fatty liver disease (NAFLD)/MASH. A Phase 2 trial (SYNERGY-NASH) showed promising results for MASH resolution.	Secondary	Hepatology	Efficacy and Safety of Tirzepatide Once Weekly in Participants With Type 2 Diabetes Inadequately Controlled on Diet and Exercise (SURPASS-1)	NCT03951753 (SURPASS-1)	3	https://clinicaltrials.gov/study/NCT03951753	Clinical Trials	5	5	Gastric Inhibitory Polypeptide Receptor Agonist; Glucagon Like Peptide 1 Receptor Agonist	0.5345	MONDO_0013209	metabolic dysfunction-associated steatotic liver disease	Gastric Inhibitory Polypeptide Receptor Agonist→GIPR; Glucagon Like Peptide 1 Receptor Agonist→GLP1R
Tirzepatide	Eli Lilly and Company	Cardiovascular Disease	Cardiovascular disease is listed as a weight-related comorbid condition for which Zepbound is approved for chronic weight management. Phase 3 trials have shown promising results for heart failure with preserved ejection fraction.	Secondary	Cardiovascular	A Study of Tirzepatide (LY3298176) in Participants With Type 2 Diabetes Mellitus and Increased Cardiovascular (CV) Risk (SURPASS-4)	NCT03375463 (SURPASS-4)	3	https://clinicaltrials.gov/study/NCT03375463	Clinical Trials	5	5	Gastric Inhibitory Polypeptide Receptor Agonist; Glucagon Like Peptide 1 Receptor Agonist	0.3791	MONDO_0004995	cardiovascular disorder	Gastric Inhibitory Polypeptide Receptor Agonist→GIPR; Glucagon Like Peptide 1 Receptor Agonist→GLP1R
Tirzepatide	Eli Lilly and Company	Hypertension	Hypertension is listed as a weight-related comorbid condition for which Zepbound is approved for chronic weight management. Mounjaro improved blood pressure levels, and studies have shown improvements in blood pressure.	Secondary	Cardiovascular	A Study of Tirzepatide (LY3298176) Versus Semaglutide Once Weekly in Participants With Type 2 Diabetes (SURPASS-2)	NCT03134872 (SURPASS-2)	3	https://clinicaltrials.gov/study/NCT03134872	Clinical Trials	5	5	Gastric Inhibitory Polypeptide Receptor Agonist; Glucagon Like Peptide 1 Receptor Agonist	0.4832	HP_0000822	Hypertension	Gastric Inhibitory Polypeptide Receptor Agonist→GIPR; Glucagon Like Peptide 1 Receptor Agonist→GLP1R
Tirzepatide	Eli Lilly and Company	Dyslipidemia	Dyslipidemia is listed as a weight-related comorbid condition for which Zepbound is approved for chronic weight management. Mounjaro improved the amount of fat in the blood, and studies have shown improvements in lipid profiles.	Secondary	Metabolic	A Study of Tirzepatide (LY3298176) Versus Semaglutide Once Weekly in Participants With Type 2 Diabetes (SURPASS-2)	NCT03134872 (SURPASS-2)	3	https://clinicaltrials.gov/study/NCT03134872	Clinical Trials	5	5	Gastric Inhibitory Polypeptide Receptor Agonist; Glucagon Like Peptide 1 Receptor Agonist	0.4693	MONDO_0021187	hyperlipidemia	Gastric Inhibitory Polypeptide Receptor Agonist→GIPR; Glucagon Like Peptide 1 Receptor Agonist→GLP1R
Tirzepatide	Eli Lilly and Company	NAFLD	Research suggests benefits in reducing liver fat content in patients with non-alcoholic fatty liver disease (NAFLD)/MASH. A Phase 2 trial (SYNERGY-NASH) showed promising results for MASH resolution.	Secondary	Hepatology	A Study of Tirzepatide (LY3298176) Versus Semaglutide Once Weekly in Participants With Type 2 Diabetes (SURPASS-2)	NCT03134872 (SURPASS-2)	3	https://clinicaltrials.gov/study/NCT03134872	Clinical Trials	5	5	Gastric Inhibitory Polypeptide Receptor Agonist; Glucagon Like Peptide 1 Receptor Agonist	0.5345	MONDO_0013209	metabolic dysfunction-associated steatotic liver disease	Gastric Inhibitory Polypeptide Receptor Agonist→GIPR; Glucagon Like Peptide 1 Receptor Agonist→GLP1R
Tirzepatide	Eli Lilly and Company	Hypertension	Hypertension is listed as a weight-related comorbid condition for which Zepbound is approved for chronic weight management. Mounjaro improved blood pressure levels, and studies have shown improvements in blood pressure.	Secondary	Cardiovascular	A Study of Tirzepatide (LY3298176) in Participants With Obesity or Overweight With Weight-Related Comorbidities (SURMOUNT-1)	NCT04411342 (SURMOUNT-1)	3	https://clinicaltrials.gov/study/NCT04411342	Clinical Trials	5	5	Gastric Inhibitory Polypeptide Receptor Agonist; Glucagon Like Peptide 1 Receptor Agonist	0.4832	HP_0000822	Hypertension	Gastric Inhibitory Polypeptide Receptor Agonist→GIPR; Glucagon Like Peptide 1 Receptor Agonist→GLP1R
Tirzepatide	Eli Lilly and Company	Dyslipidemia	Dyslipidemia is listed as a weight-related comorbid condition for which Zepbound is approved for chronic weight management. Mounjaro improved the amount of fat in the blood, and studies have shown improvements in lipid profiles.	Secondary	Metabolic	A Study of Tirzepatide (LY3298176) in Participants With Obesity or Overweight With Weight-Related Comorbidities (SURMOUNT-1)	NCT04411342 (SURMOUNT-1)	3	https://clinicaltrials.gov/study/NCT04411342	Clinical Trials	5	5	Gastric Inhibitory Polypeptide Receptor Agonist; Glucagon Like Peptide 1 Receptor Agonist	0.4693	MONDO_0021187	hyperlipidemia	Gastric Inhibitory Polypeptide Receptor Agonist→GIPR; Glucagon Like Peptide 1 Receptor Agonist→GLP1R
Tirzepatide	Eli Lilly and Company	Pre-Diabetes	The SURMOUNT-1 three-year study found that tirzepatide reduced the risk of developing type 2 diabetes by 94% in adults with pre-diabetes and obesity or overweight. Pre-diabetes is also mentioned as a weight-related comorbid condition in EMA weight management approval.	Secondary	Metabolic	A Study of Tirzepatide (LY3298176) in Participants With Obesity or Overweight With Weight-Related Comorbidities (SURMOUNT-1)	NCT04411342 (SURMOUNT-1)	3	https://clinicaltrials.gov/study/NCT04411342	Clinical Trials	5	5	Gastric Inhibitory Polypeptide Receptor Agonist; Glucagon Like Peptide 1 Receptor Agonist	0.3851	MONDO_0006920	prediabetes syndrome	Gastric Inhibitory Polypeptide Receptor Agonist→GIPR; Glucagon Like Peptide 1 Receptor Agonist→GLP1R
Tirzepatide	Chongqing Medical University	NAFLD	Research suggests benefits in reducing liver fat content in patients with non-alcoholic fatty liver disease (NAFLD)/MASH. A Phase 2 trial (SYNERGY-NASH) showed promising results for MASH resolution.	Secondary	Hepatology	Efficacy and Safety Study of Tirzepatide in Patients with Type 2 Diabetes Mellitus Complicated with Non-alcoholic Fatty Liver Disease	ChiCTR2500105880	4	https://www.chictr.org.cn/showproj.aspx?proj=202353	Clinical Trials	5	5	Gastric Inhibitory Polypeptide Receptor Agonist; Glucagon Like Peptide 1 Receptor Agonist	0.5345	MONDO_0013209	metabolic dysfunction-associated steatotic liver disease	Gastric Inhibitory Polypeptide Receptor Agonist→GIPR; Glucagon Like Peptide 1 Receptor Agonist→GLP1R
Tirzepatide	Shanghai Sixth People's Hospital	NAFLD	Research suggests benefits in reducing liver fat content in patients with non-alcoholic fatty liver disease (NAFLD)/MASH. A Phase 2 trial (SYNERGY-NASH) showed promising results for MASH resolution.	Secondary	Hepatology	A randomized, double-blind, placebo-controlled, multi-center phase II clinical study to evaluate the efficacy and safety of tirzepatide in patients with non-alcoholic fatty liver disease	ChiCTR2600124677	2	https://www.chictr.org.cn/showproj.aspx?proj=216892	Clinical Trials	4	5	Gastric Inhibitory Polypeptide Receptor Agonist; Glucagon Like Peptide 1 Receptor Agonist	0.5345	MONDO_0013209	metabolic dysfunction-associated steatotic liver disease	Gastric Inhibitory Polypeptide Receptor Agonist→GIPR; Glucagon Like Peptide 1 Receptor Agonist→GLP1R
Tirzepatide	Shandong Provincial Hospital	NAFLD	Research suggests benefits in reducing liver fat content in patients with non-alcoholic fatty liver disease (NAFLD)/MASH. A Phase 2 trial (SYNERGY-NASH) showed promising results for MASH resolution.	Secondary	Hepatology	A randomized, double-blind, placebo-controlled, multi-center clinical study to evaluate the efficacy and safety of tirzepatide in patients with type 2 diabetes mellitus and non-alcoholic fatty liver disease	ChiCTR2600122379	4	https://www.chictr.org.cn/showproj.aspx?proj=215682	Clinical Trials	5	5	Gastric Inhibitory Polypeptide Receptor Agonist; Glucagon Like Peptide 1 Receptor Agonist	0.5345	MONDO_0013209	metabolic dysfunction-associated steatotic liver disease	Gastric Inhibitory Polypeptide Receptor Agonist→GIPR; Glucagon Like Peptide 1 Receptor Agonist→GLP1R
Tirzepatide	West China Hospital of Sichuan University	NAFLD	Research suggests benefits in reducing liver fat content in patients with non-alcoholic fatty liver disease (NAFLD)/MASH. A Phase 2 trial (SYNERGY-NASH) showed promising results for MASH resolution.	Secondary	Hepatology	A randomized, double-blind, placebo-controlled, multi-center phase II clinical study to evaluate the efficacy and safety of tirzepatide in patients with non-alcoholic fatty liver disease	ChiCTR2300070632	2	https://www.chictr.org.cn/showproj.aspx?proj=193132	Clinical Trials	4	5	Gastric Inhibitory Polypeptide Receptor Agonist; Glucagon Like Peptide 1 Receptor Agonist	0.5345	MONDO_0013209	metabolic dysfunction-associated steatotic liver disease	Gastric Inhibitory Polypeptide Receptor Agonist→GIPR; Glucagon Like Peptide 1 Receptor Agonist→GLP1R
Tirzepatide	Eli Lilly (Pharma)	Cardiovascular Disease	Cardiovascular disease is listed as a weight-related comorbid condition for which Zepbound is approved for chronic weight management. Phase 3 trials have shown promising results for heart failure with preserved ejection fraction.	Secondary	Cardiovascular	A Study of Tirzepatide (LY3298176) in Participants With Type 2 Diabetes Mellitus and Increased Cardiovascular Risk (SURPASS-CVOT)	NCT04509674 (SURPASS-6)	3b	https://clinicaltrials.gov/study/NCT04509674	Clinical Trials	5	5	Gastric Inhibitory Polypeptide Receptor Agonist; Glucagon Like Peptide 1 Receptor Agonist	0.3791	MONDO_0004995	cardiovascular disorder	Gastric Inhibitory Polypeptide Receptor Agonist→GIPR; Glucagon Like Peptide 1 Receptor Agonist→GLP1R
Tirzepatide	Eli Lilly and Company	NASH	A Phase 2 trial (SYNERGY-NASH) showed promising results for NASH (now MASH) resolution, with 44% to 62% of participants experiencing resolution. Research also suggests benefits in reducing liver fat content in patients with NASH.	Secondary	Hepatology	A Study of Tirzepatide (LY3298176) in Participants With Nonalcoholic Steatohepatitis (NASH)	NCT03987451 (SYNERGY-NASH)	2	https://clinicaltrials.gov/study/NCT03987451	Clinical Trials	4	5	Gastric Inhibitory Polypeptide Receptor Agonist; Glucagon Like Peptide 1 Receptor Agonist	0.4140	MONDO_0007027	metabolic dysfunction-associated steatohepatitis	Gastric Inhibitory Polypeptide Receptor Agonist→GIPR; Glucagon Like Peptide 1 Receptor Agonist→GLP1R
Tirzepatide	Washington University School of Medicine (Lilly provisioned)	MASH	A Phase 2 trial (SYNERGY-NASH) showed promising results for MASH resolution, with 44% to 62% of participants experiencing resolution. Research also suggests benefits in reducing liver fat content in patients with MASH.	Secondary	Hepatology	A Study to Evaluate the Effect of Tirzepatide on Liver Fat and Fibrosis in Participants With Metabolic Dysfunction-Associated Steatohepatitis (MASH)	NCT05732155 (WOLFRAM)	2	https://clinicaltrials.gov/study/NCT05732155	Clinical Trials	4	5	Gastric Inhibitory Polypeptide Receptor Agonist; Glucagon Like Peptide 1 Receptor Agonist	0.4140	MONDO_0007027	metabolic dysfunction-associated steatohepatitis	Gastric Inhibitory Polypeptide Receptor Agonist→GIPR; Glucagon Like Peptide 1 Receptor Agonist→GLP1R
Tirzepatide	Eli Lilly	Hypertension	Hypertension is listed as a weight-related comorbid condition for which Zepbound is approved for chronic weight management. Mounjaro improved blood pressure levels, and studies have shown improvements in blood pressure.	Secondary	Cardiovascular	A Study of Tirzepatide in Participants With Obesity or Overweight and Obstructive Sleep Apnea (SURMOUNT-OSA ISA1)	NCT05412004 (SURMOUNT-OSA ISA1)	3	https://clinicaltrials.gov/study/NCT05412004	Clinical Trials	5	5	Gastric Inhibitory Polypeptide Receptor Agonist; Glucagon Like Peptide 1 Receptor Agonist	0.4832	HP_0000822	Hypertension	Gastric Inhibitory Polypeptide Receptor Agonist→GIPR; Glucagon Like Peptide 1 Receptor Agonist→GLP1R
Tirzepatide	Eli Lilly	Dyslipidemia	Dyslipidemia is listed as a weight-related comorbid condition for which Zepbound is approved for chronic weight management. Mounjaro improved the amount of fat in the blood, and studies have shown improvements in lipid profiles.	Secondary	Metabolic	A Study of Tirzepatide in Participants With Obesity or Overweight and Obstructive Sleep Apnea (SURMOUNT-OSA ISA1)	NCT05412004 (SURMOUNT-OSA ISA1)	3	https://clinicaltrials.gov/study/NCT05412004	Clinical Trials	5	5	Gastric Inhibitory Polypeptide Receptor Agonist; Glucagon Like Peptide 1 Receptor Agonist	0.4693	MONDO_0021187	hyperlipidemia	Gastric Inhibitory Polypeptide Receptor Agonist→GIPR; Glucagon Like Peptide 1 Receptor Agonist→GLP1R
Tirzepatide	Eli Lilly	CV Risk Reduction	Tirzepatide is being studied to lower the risk of serious cardiovascular events, and studies have shown improvements in cardiovascular risk factors including blood pressure, lipid profiles, and markers of inflammation. Phase 3 trials have shown promising results for heart failure with preserved ejection fraction.	Secondary	Cardiovascular	A Study of Tirzepatide in Participants With Obesity or Overweight and Obstructive Sleep Apnea (SURMOUNT-OSA ISA1)	NCT05412004 (SURMOUNT-OSA ISA1)	3	https://clinicaltrials.gov/study/NCT05412004	Clinical Trials	5	5	Gastric Inhibitory Polypeptide Receptor Agonist; Glucagon Like Peptide 1 Receptor Agonist	0.3791	MONDO_0004995	cardiovascular disorder	Gastric Inhibitory Polypeptide Receptor Agonist→GIPR; Glucagon Like Peptide 1 Receptor Agonist→GLP1R
Tirzepatide	Eli Lilly	NASH	A Phase 2 trial (SYNERGY-NASH) showed promising results for NASH (now MASH) resolution, with 44% to 62% of participants experiencing resolution. Research also suggests benefits in reducing liver fat content in patients with NASH.	Secondary	Hepatology	A Study of Tirzepatide in Participants With Nonalcoholic Steatohepatitis (NASH) (SYNERGY-NASH)	NCT04444310 (SYNERGY-NASH)	2	https://clinicaltrials.gov/study/NCT04444310	Clinical Trials	4	5	Gastric Inhibitory Polypeptide Receptor Agonist; Glucagon Like Peptide 1 Receptor Agonist	0.4140	MONDO_0007027	metabolic dysfunction-associated steatohepatitis	Gastric Inhibitory Polypeptide Receptor Agonist→GIPR; Glucagon Like Peptide 1 Receptor Agonist→GLP1R
Tirzepatide	Eli Lilly	Metabolic Associated Liver Disease (Malo)	This is a synonymous term for Metabolic Dysfunction-Associated Steatotic Liver Disease (MASLD) and NAFLD/NASH. A Phase 2 trial (SYNERGY-NASH) showed promising results for MASH resolution, and research suggests benefits in reducing liver fat content in patients with NAFLD/MASH.	Secondary	Hepatology	A Master Protocol to Evaluate the Efficacy and Safety of Tirzepatide in Participants With Metabolic Associated Liver Disease (MALO)	NCT06109311 (MALO Master Protocol)	3	https://clinicaltrials.gov/study/NCT06109311	Clinical Trials	5	5	Gastric Inhibitory Polypeptide Receptor Agonist; Glucagon Like Peptide 1 Receptor Agonist	0.5345	MONDO_0013209	metabolic dysfunction-associated steatotic liver disease	Gastric Inhibitory Polypeptide Receptor Agonist→GIPR; Glucagon Like Peptide 1 Receptor Agonist→GLP1R
Tirzepatide	Eli Lilly	Metabolic Dysfunction-Associated Steatotic Liver Disease (Masld)	This is a synonymous term for NAFLD/NASH/MASH. A Phase 2 trial (SYNERGY-NASH) showed promising results for MASH resolution, and research suggests benefits in reducing liver fat content in patients with NAFLD/MASH.	Secondary	Hepatology	A Master Protocol to Evaluate the Efficacy and Safety of Tirzepatide in Participants With Metabolic Associated Liver Disease (MALO)	NCT06109311 (MALO Master Protocol)	3	https://clinicaltrials.gov/study/NCT06109311	Clinical Trials	5	5	Gastric Inhibitory Polypeptide Receptor Agonist; Glucagon Like Peptide 1 Receptor Agonist	0.5345	MONDO_0013209	metabolic dysfunction-associated steatotic liver disease	Gastric Inhibitory Polypeptide Receptor Agonist→GIPR; Glucagon Like Peptide 1 Receptor Agonist→GLP1R
Tirzepatide	Eli Lilly	MASH	A Phase 2 trial (SYNERGY-NASH) showed promising results for MASH resolution, with 44% to 62% of participants experiencing resolution. Research also suggests benefits in reducing liver fat content in patients with MASH.	Secondary	Hepatology	A Master Protocol to Evaluate the Efficacy and Safety of Tirzepatide in Participants With Metabolic Associated Liver Disease (MALO)	NCT06109311 (MALO Master Protocol)	3	https://clinicaltrials.gov/study/NCT06109311	Clinical Trials	5	5	Gastric Inhibitory Polypeptide Receptor Agonist; Glucagon Like Peptide 1 Receptor Agonist	0.4140	MONDO_0007027	metabolic dysfunction-associated steatohepatitis	Gastric Inhibitory Polypeptide Receptor Agonist→GIPR; Glucagon Like Peptide 1 Receptor Agonist→GLP1R
Tirzepatide	Mater Research	MACE Reduction	MACE (Major Adverse Cardiovascular Events) reduction is a specific outcome within cardiovascular risk reduction. Tirzepatide is being studied to lower the risk of serious cardiovascular events, and studies have shown improvements in cardiovascular risk factors.	Secondary	Cardiovascular	A Phase 3, Multicenter, Randomized, Double-blind, Placebo-controlled Study to Evaluate the Efficacy and Safety of Tirzepatide in Participants With Type 2 Diabetes and Chronic Kidney Disease	ACTRN12624001278527	3	https://www.anzctr.org.au/Trial/Registration/TrialReview.aspx?ACTRN=12624001278527	Clinical Trials	5	5	Gastric Inhibitory Polypeptide Receptor Agonist; Glucagon Like Peptide 1 Receptor Agonist	0.3791	MONDO_0004995	cardiovascular disorder	Gastric Inhibitory Polypeptide Receptor Agonist→GIPR; Glucagon Like Peptide 1 Receptor Agonist→GLP1R
Tirzepatide	Garvan Institute	NAFLD	Research suggests benefits in reducing liver fat content in patients with non-alcoholic fatty liver disease (NAFLD)/MASH. A Phase 2 trial (SYNERGY-NASH) showed promising results for MASH resolution.	Secondary	Hepatology	TIRTLE: Tirzepatide for the treatment of non-alcoholic fatty liver disease (NAFLD) in people with type 2 diabetes (T2D)	ACTRN12624000111572 (TIRTLE)	2	https://www.anzctr.org.au/Trial/Registration/TrialReview.aspx?ACTRN=12624000111572	Clinical Trials	4	5	Gastric Inhibitory Polypeptide Receptor Agonist; Glucagon Like Peptide 1 Receptor Agonist	0.5345	MONDO_0013209	metabolic dysfunction-associated steatotic liver disease	Gastric Inhibitory Polypeptide Receptor Agonist→GIPR; Glucagon Like Peptide 1 Receptor Agonist→GLP1R
Tirzepatide	University of Athens	NAFLD	Research suggests benefits in reducing liver fat content in patients with non-alcoholic fatty liver disease (NAFLD)/MASH. A Phase 2 trial (SYNERGY-NASH) showed promising results for MASH resolution.	Secondary	Hepatology	Tirzepatide in patients with type 2 diabetes and non-alcoholic fatty liver disease (NAFLD): a randomized, double-blind, placebo-controlled study	ACTRN12625000071426	4	https://www.anzctr.org.au/Trial/Registration/TrialReview.aspx?ACTRN=12625000071426	Clinical Trials	5	5	Gastric Inhibitory Polypeptide Receptor Agonist; Glucagon Like Peptide 1 Receptor Agonist	0.5345	MONDO_0013209	metabolic dysfunction-associated steatotic liver disease	Gastric Inhibitory Polypeptide Receptor Agonist→GIPR; Glucagon Like Peptide 1 Receptor Agonist→GLP1R
Tirzepatide	Eli Lilly	Cardiovascular Disease	Cardiovascular disease is listed as a weight-related comorbid condition for which Zepbound is approved for chronic weight management. Phase 3 trials have shown promising results for heart failure with preserved ejection fraction.	Secondary	Cardiovascular	A Study of Tirzepatide (LY3298176) in Participants With Type 2 Diabetes Mellitus and Increased Cardiovascular Risk (SURPASS-CVOT)	NCT04537598 (SURPASS-6)	3	https://clinicaltrials.gov/study/NCT04537598	Clinical Trials	5	5	Gastric Inhibitory Polypeptide Receptor Agonist; Glucagon Like Peptide 1 Receptor Agonist	0.3791	MONDO_0004995	cardiovascular disorder	Gastric Inhibitory Polypeptide Receptor Agonist→GIPR; Glucagon Like Peptide 1 Receptor Agonist→GLP1R
Tirzepatide	Eli Lilly	Cardiovascular Disease	Cardiovascular disease is listed as a weight-related comorbid condition for which Zepbound is approved for chronic weight management. Phase 3 trials have shown promising results for heart failure with preserved ejection fraction.	Secondary	Cardiovascular	A Study of Tirzepatide in Participants With Type 2 Diabetes and Chronic Kidney Disease (SURPASS-AP-Combo)	NCT04093752 (SURPASS-AP-Combo)	3	https://clinicaltrials.gov/study/NCT04093752	Clinical Trials	5	5	Gastric Inhibitory Polypeptide Receptor Agonist; Glucagon Like Peptide 1 Receptor Agonist	0.3791	MONDO_0004995	cardiovascular disorder	Gastric Inhibitory Polypeptide Receptor Agonist→GIPR; Glucagon Like Peptide 1 Receptor Agonist→GLP1R
Tirzepatide	Eli Lilly	Cardiovascular Disease	Cardiovascular disease is listed as a weight-related comorbid condition for which Zepbound is approved for chronic weight management. Phase 3 trials have shown promising results for heart failure with preserved ejection fraction.	Secondary	Cardiovascular	A Study of Tirzepatide in Participants With Type 2 Diabetes and Chronic Kidney Disease (SURPASS-AP-Combo)	NCT04093752 (SURPASS-AP-Combo)	3	https://clinicaltrials.gov/study/NCT04093752	Clinical Trials	5	5	Gastric Inhibitory Polypeptide Receptor Agonist; Glucagon Like Peptide 1 Receptor Agonist	0.3791	MONDO_0004995	cardiovascular disorder	Gastric Inhibitory Polypeptide Receptor Agonist→GIPR; Glucagon Like Peptide 1 Receptor Agonist→GLP1R
Tirzepatide	Eli Lilly	Cardiovascular Disease	Cardiovascular disease is listed as a weight-related comorbid condition for which Zepbound is approved for chronic weight management. Phase 3 trials have shown promising results for heart failure with preserved ejection fraction.	Secondary	Cardiovascular	A Study of Tirzepatide in Participants With Type 2 Diabetes and Chronic Kidney Disease (SURPASS-AP-Combo)	NCT04093752 (SURPASS-AP-Combo)	3	https://clinicaltrials.gov/study/NCT04093752	Clinical Trials	5	5	Gastric Inhibitory Polypeptide Receptor Agonist; Glucagon Like Peptide 1 Receptor Agonist	0.3791	MONDO_0004995	cardiovascular disorder	Gastric Inhibitory Polypeptide Receptor Agonist→GIPR; Glucagon Like Peptide 1 Receptor Agonist→GLP1R
Tirzepatide	Eli Lilly	NASH	A Phase 2 trial (SYNERGY-NASH) showed promising results for NASH (now MASH) resolution, with 44% to 62% of participants experiencing resolution. Research also suggests benefits in reducing liver fat content in patients with NASH.	Secondary	Hepatology	A Study of Tirzepatide (LY3298176) in Participants With Nonalcoholic Steatohepatitis (NASH) (SYNERGY-NASH)	NCT04153409 (SYNERGY-NASH)	2	https://clinicaltrials.gov/study/NCT04153409	Clinical Trials	4	5	Gastric Inhibitory Polypeptide Receptor Agonist; Glucagon Like Peptide 1 Receptor Agonist	0.4140	MONDO_0007027	metabolic dysfunction-associated steatohepatitis	Gastric Inhibitory Polypeptide Receptor Agonist→GIPR; Glucagon Like Peptide 1 Receptor Agonist→GLP1R
Tirzepatide	Eli Lilly and Company	Cardiovascular (Cv) Outcomes	Tirzepatide has demonstrated positive outcomes in cardiovascular trials. The SURPASS-CVOT trial showed non-inferiority to dulaglutide for major adverse cardiovascular events (MACE) in patients with type 2 diabetes and atherosclerotic cardiovascular disease, with indirect analysis suggesting reduced risk for CV death/MI/stroke, all-cause death, and CV death/heart failure events compared to placebo. The SUMMIT trial in patients with heart failure with preserved ejection fraction (HFpEF) and obesity showed a reduced combined risk of worsening heart failure events and cardiovascular death. Real-world data also suggests improved cardiovascular outcomes in MASLD patients with obesity and Type 2 diabetes compared to semaglutide. Studies also link tirzepatide to fewer deaths and cardiovascular events after percutaneous coronary intervention (PCI) and transcatheter aortic valve replacement (TAVR) in high-risk patients.	Secondary	Cardiovascular	Eli Lilly and : 2025 Earnings Presentation	Tirzepatide	Phase 3	https://vertexaisearch.cloud.google.com/grounding-api-redirect/AUZIYQE7BUVRhoG4MjhU3dtYzkeL66HazaK7OmYI0LJkyYrwI6A3Gvk_zU50TCH9zIM-M_OBFFQ8OaT_qYXt_ggJ0cxng9s4uGIRPg0n9yJfBH-rRaKIw6yU4cvSpVfti9h-ZTJD3oE4lMrQEpNZIRgg3XZatfTl4PWL7XUO13XcKfEy1DqUauc0uvBdnptyRuK7DculFMwkQ0LA4VqF	Innovator: Investor Presentation	5	5	Gastric Inhibitory Polypeptide Receptor Agonist; Glucagon Like Peptide 1 Receptor Agonist	0.3791	MONDO_0004995	cardiovascular disorder	Gastric Inhibitory Polypeptide Receptor Agonist→GIPR; Glucagon Like Peptide 1 Receptor Agonist→GLP1R
Tirzepatide	Eli Lilly and Company	Psoriatic Arthritis	A Phase 3b trial testing a combination of tirzepatide and Eli Lilly's autoimmune drug Taltz met primary and key secondary endpoints, showing a 50% improvement in Psoriatic Arthritis (PsA) symptoms and 10% weight loss. This constitutes observed and measured outcomes in a specific indication.	Secondary	Immunology	BioSpace Article: Lilly Eyes Pipeline in a Product as GLP-1s Move Into I&I		Phase 3b	https://vertexaisearch.cloud.google.com/grounding-api-redirect/AUZIYQFsNVUW4Y29HpWrg8jVQTEfnRkswYLM5b0Mqv_hlujr0jHfsU4CxXOIRS3F4ghfaJvqXJ24G9hX2ml8SfiNC0yV2Zhf2bVpD18EqHQCVSrSGCtjzhI7nc5YlDUf2UO64-TgktsBhXztXvDLHUzgscRwXwXcpH4C0Rsx6qW4GgYbMUFKx2UkDl6gO-4RReBn4_eHhRgXv4lU-4vvXJc=	Innovator: Pipeline Page	5	5	Gastric Inhibitory Polypeptide Receptor Agonist; Glucagon Like Peptide 1 Receptor Agonist	0.2800	MONDO_0011849	psoriatic arthritis	Gastric Inhibitory Polypeptide Receptor Agonist→GIPR; Glucagon Like Peptide 1 Receptor Agonist→GLP1R
Tirzepatide	Eli Lilly and Company	HFpEF	The Phase 3 SUMMIT trial demonstrated that tirzepatide significantly reduced the combined risk of worsening heart failure events and cardiovascular death, and improved health status and functional capacity in patients with heart failure with preserved ejection fraction (HFpEF) and obesity. This is a clear disease-level definition with observed outcomes.	Secondary	Cardiovascular	10-K for the fiscal year ended December 31, 2025	Tirzepatide (Mounjaro, Zepbound)	Approved (EU), Submitted (U.S.)	https://www.sec.gov/Archives/edgar/data/59478/000005947826000010/lly-20251231.htm	Innovator: SEC Filing	5	5	Gastric Inhibitory Polypeptide Receptor Agonist; Glucagon Like Peptide 1 Receptor Agonist	0.2714	MONDO_0005252	heart failure	Gastric Inhibitory Polypeptide Receptor Agonist→GIPR; Glucagon Like Peptide 1 Receptor Agonist→GLP1R
Tirzepatide	Eli Lilly and Company	Metabolic Dysfunction-Associated Steatotic Liver Disease (Masld)	A Phase 2 trial (SYNERGY-NASH) showed promising results for treating MASH (formerly NASH) in adults considered overweight or obese, with 44% to 62% of participants experiencing MASH resolution. This represents observed outcomes in a clear disease-level definition.	Secondary	Hepatology	10-K for the fiscal year ended December 31, 2025	Tirzepatide	Phase 3	https://www.sec.gov/Archives/edgar/data/59478/000005947826000010/lly-20251231.htm	Innovator: SEC Filing	5	5	Gastric Inhibitory Polypeptide Receptor Agonist; Glucagon Like Peptide 1 Receptor Agonist	0.5345	MONDO_0013209	metabolic dysfunction-associated steatotic liver disease	Gastric Inhibitory Polypeptide Receptor Agonist→GIPR; Glucagon Like Peptide 1 Receptor Agonist→GLP1R
